Workbook

Sheet Data_Cleaning_Assessment
A1: No | B1: ID Prov | C1: Provinsi | D1: ID KAB | E1: Kabupaten | F1: Nama Kawasan | G1: Dimensi Manajemen dan Tata Kelola | H1: Dimensi Sarana dan Prasaran | I1: Dimensi Interaksi Kawasan | J1: Dimensi Aktivitas Ekonomi | K1: Total Nilai | L1: Status | M1: Catatan_Cleaning | O1: RINGKASAN ASSESSING DATA (6 Kategori Masalah)
A2: 1 | B2: 33 | C2: Jawa Tengah | D2: 3313 | E2: Karanganyar | F2: Kawasan Perdesaan Agrowisata Ngargoyoso | G2: 25.8 | H2: 18.4 | I2: 14.43 | J2: 16.78 | K2: 75.41 | L2: Berdaya Saing | M2: Data Valid, tidak ada missing/invalid value. | O2: Kategori Masalah | P2: Metode Pengecekan | Q2: Hasil (Formula) | R2: Kesimpulan
A3: 2 | B3: 63 | C3: Kalimantan Selatan | D3: 6310 | E3: Tanah Bumbu | F3: Kawasan Perdesaan Agropolitan Tanah Bumbu | G3: 28.46 | H3: 17.71 | I3: 17.13 | J3: 12.54 | K3: 75.84 | L3: Berdaya Saing | M3: Data Valid, tidak ada missing/invalid value. | O3: Missing Value | P3: Menghitung sel kosong pada seluruh kolom numerik (kolom G:K, 30 baris data) | Q3: =COUNTBLANK(G2:K31) -> 0 | R3: =IF(Q3=0,"Tidak ditemukan masalah (0)","Ditemukan "&Q3&" kasus - perlu ditindaklanjuti") -> Tidak ditemukan masalah (0)
A4: 3 | B4: 33 | C4: Jawa Tengah | D4: 3307 | E4: Wonosobo | F4: Kawasan Perdesaan Margomarem | G4: 28.34 | H4: 18.4 | I4: 17.85 | J4: 10.7 | K4: 75.29 | L4: Berdaya Saing | M4: Data Valid, tidak ada missing/invalid value. | O4: Duplicate Data | P4: Mengecek apakah ada ID Kabupaten (kolom D) yang muncul lebih dari satu kali | Q4: =SUMPRODUCT((COUNTIF(D2:D31,D2:D31)>1)*1) -> 0 | R4: =IF(Q4=0,"Tidak ditemukan masalah (0)","Ditemukan "&Q4&" kasus - perlu ditindaklanjuti") -> Tidak ditemukan masalah (0)
A5: 4 | B5: 51 | C5: Bali | D5: 5102 | E5: Tabanan | F5: Kawasan Perdesaan Shiny Tabanan Yang Alami, Berbudaya, Dan Berkedaulatan Pangan | G5: 25.88 | H5: 18.8 | I5: 13.72 | J5: 16.64 | K5: 75.05 | L5: Berdaya Saing | M5: Data Valid, tidak ada missing/invalid value. | O5: Invalid Value | P5: Mengecek nilai negatif pada kolom skor dimensi & Total Nilai (skor seharusnya ≥ 0) | Q5: =SUMPRODUCT((G2:K31<0)*1) -> 0 | R5: =IF(Q5=0,"Tidak ditemukan masalah (0)","Ditemukan "&Q5&" kasus - perlu ditindaklanjuti") -> Tidak ditemukan masalah (0)
A6: 5 | B6: 12 | C6: Sumatera Utara | D6: 1212 | E6: Toba | F6: Kawasan Perdesaan Ajibata | G6: 27.4 | H6: 17.6 | I6: 15.7 | J6: 13.02 | K6: 73.72 | L6: Mandiri | M6: Data Valid, tidak ada missing/invalid value. | O6: Inconsistent Value | P6: Membandingkan Total Nilai (kolom K) dengan penjumlahan 4 kolom dimensi (G+H+I+J) | Q6: =SUMPRODUCT((ABS(K2:K31-(G2:G31+H2:H31+I2:I31+J2:J31))>0.02)*1) -> 0 | R6: =IF(Q6=0,"Tidak ditemukan masalah (0) - selisih kecil ≤0.02 pada 2 baris murni akibat pembulatan tiap dimensi ke 2 desimal, bukan kesalahan data","Ditemukan "&Q6&" kasus - perlu ditindaklanjuti") -> Tidak ditemukan masalah (0) - selisih kecil ≤0.02 pada 2 baris murni akibat pembulatan tiap dimensi ke 2 desimal, bukan kesalahan data
A7: 6 | B7: 32 | C7: Jawa Barat | D7: 3205 | E7: Garut | F7: Kawasan Perdesaan Industri Bambu Kreatif Selaawi | G7: 23.8 | H7: 18.4 | I7: 13.72 | J7: 16.1 | K7: 72.02 | L7: Mandiri | M7: Data Valid, tidak ada missing/invalid value. | O7: Outlier | P7: Metode IQR (1.5×IQR) pada tiap kolom skor; detail per kolom ada di sheet Statistik_Deskriptif (kolom N) | Q7: =Statistik_Deskriptif!N2+Statistik_Deskriptif!N3+Statistik_Deskriptif!N4+Statistik_Deskriptif!N5+Statistik_Deskriptif!N6 -> 2 | R7: ="Ditemukan 1 kawasan (Kawasan Perdesaan Misool) sebagai outlier pada "&Q7&" dimensi (Manajemen & Sarana) - skor jauh lebih rendah dari kawasan lain. Nilai diverifikasi valid (bukan salah input), sehingga TIDAK di-drop; kawasan ini memang berstatus tahap Inisiasi (paling awal)." -> Ditemukan 1 kawasan (Kawasan Perdesaan Misool) sebagai outlier pada 2 dimensi (Manajemen & Sarana) - skor jauh lebih rendah dari kawasan lain. Nilai diverifikasi valid (bukan salah input), sehingga TIDAK di-drop; kawasan ini memang berstatus tahap Inisiasi (paling awal).
A8: 7 | B8: 15 | C8: Jambi | D8: 1509 | E8: Tebo | F8: Kawasan Perdesaan Mina-agro-wisata | G8: 31.32 | H8: 17.2 | I8: 12.78 | J8: 8.9 | K8: 70.2 | L8: Mandiri | M8: Data Valid, tidak ada missing/invalid value. | O8: Inaccurate Value | P8: Tidak ada data pembanding eksternal (ground truth), sehingga dicek dengan logika: skor dimensi & Total Nilai harus dalam rentang wajar (≥0 dan Total ≈ jumlah dimensi, lihat baris Inconsistent Value) | Q8: - | R8: Tidak ditemukan indikasi nilai tidak akurat berdasarkan pengecekan logis di atas
A9: 8 | B9: 61 | C9: Kalimantan Barat | D9: 6112 | E9: Kubu Raya | F9: Kawasan Perdesaan Pertanian Terpadu Sungai Kakap | G9: 27.58 | H9: 18.4 | I9: 14.98 | J9: 4.32 | K9: 65.28 | L9: Mandiri | M9: Data Valid, tidak ada missing/invalid value.
A10: 9 | B10: 13 | C10: Sumatera Barat | D10: 1306 | E10: Agam | F10: Kawasan Perdesaan Agribisnis Pamako | G10: 23.12 | H10: 18 | I10: 14.98 | J10: 8.46 | K10: 64.56 | L10: Mandiri | M10: Data Valid, tidak ada missing/invalid value. | O10: Catatan: Dari 6 kategori, 5 kategori tidak menemukan masalah signifikan. Hanya kategori Outlier yang menemukan 1 kawasan ekstrem (Misool), namun setelah diverifikasi nilainya valid sehingga TIDAK dilakukan dropping/imputation/interpolation - data dipertahankan apa adanya. Detail keputusan ada di kolom Catatan_Cleaning baris terkait.
A11: 10 | B11: 63 | C11: Kalimantan Selatan | D11: 6309 | E11: Tabalong | F11: Kawasan Perdesaan Agrowisata Hortikultura | G11: 26.14 | H11: 16.51 | I11: 14.98 | J11: 6.78 | K11: 64.41 | L11: Mandiri | M11: Data Valid, tidak ada missing/invalid value.
A12: 11 | B12: 17 | C12: Bengkulu | D12: 1701 | E12: Bengkulu Selatan | F12: Kawasan Food Estate Berbasis Korporasi Petani | G12: 26.18 | H12: 18.11 | I12: 11.9 | J12: 3.46 | K12: 59.65 | L12: Mandiri | M12: Data Valid, tidak ada missing/invalid value.
A13: 12 | B13: 33 | C13: Jawa Tengah | D13: 3324 | E13: Kendal | F13: Kawasan Perdesaan Plasma Petik Sari | G13: 22.66 | H13: 18 | I13: 9.58 | J13: 8.38 | K13: 58.62 | L13: Mandiri | M13: Data Valid, tidak ada missing/invalid value.
A14: 13 | B14: 63 | C14: Kalimantan Selatan | D14: 6303 | E14: Banjar | F14: Kawasan Perdesaan Agrominapolitan Banjar | G14: 23.38 | H14: 17.6 | I14: 14.43 | J14: 3.2 | K14: 58.61 | L14: Mandiri | M14: Data Valid, tidak ada missing/invalid value.
A15: 14 | B15: 32 | C15: Jawa Barat | D15: 3217 | E15: Bandung Barat | F15: Kawasan Perdesaan Berbasis Wisata Artefak Gua Pawon dan Geo-wisata | G15: 19.3 | H15: 16.11 | I15: 14.98 | J15: 6.7 | K15: 57.09 | L15: Mandiri | M15: Data Valid, tidak ada missing/invalid value.
A16: 15 | B16: 51 | C16: Bali | D16: 5105 | E16: Klungkung | F16: Kawasan Perdesaan Pariwisata Nusa Penida | G16: 15.88 | H16: 19.2 | I16: 12.12 | J16: 7.54 | K16: 54.74 | L16: Mandiri | M16: Data Valid, tidak ada missing/invalid value.
A17: 16 | B17: 11 | C17: Aceh | D17: 1115 | E17: Nagan Raya | F17: Kawasan Perdesaan Budidaya Perikanan Air Tawar Terpadu | G17: 21.06 | H17: 16 | I17: 12.12 | J17: 3.6 | K17: 52.78 | L17: Mandiri | M17: Data Valid, tidak ada missing/invalid value.
A18: 17 | B18: 19 | C18: Kepulauan Bangka Belitung | D18: 1906 | E18: Belitung Timur | F18: Kawasan Perdesaan Andalan Menuju Pengembangan Inovasi Terpadu (KAMPIT) | G18: 20 | H18: 16.11 | I18: 15.7 | J18: 0.72 | K18: 52.53 | L18: Mandiri | M18: Data Valid, tidak ada missing/invalid value.
A19: 18 | B19: 35 | C19: Jawa Timur | D19: 3516 | E19: Mojokerto | F19: Kawasan Perdesaan Agrowisata Pertanian Terpadu Kecamatan Gondang | G19: 22.96 | H19: 12.82 | I19: 7.22 | J19: 6.88 | K19: 49.88 | L19: Konsolidasi | M19: Data Valid, tidak ada missing/invalid value.
A20: 19 | B20: 81 | C20: Maluku | D20: 8104 | E20: Buru | F20: Kawasan Perdesaan Agropolitan Berbasis Komoditas Unggulan Padi Waeapo | G20: 19.4 | H20: 15.42 | I20: 13.55 | J20: 0 | K20: 48.37 | L20: Konsolidasi | M20: Data Valid, tidak ada missing/invalid value.
A21: 20 | B21: 73 | C21: Sulawesi Selatan | D21: 7311 | E21: Barru | F21: Kawasan Perdesaan Agrowisata Gurilla | G21: 16.14 | H21: 17.2 | I21: 13.55 | J21: 0.72 | K21: 47.61 | L21: Konsolidasi | M21: Data Valid, tidak ada missing/invalid value.
A22: 21 | B22: 36 | C22: Banten | D22: 3604 | E22: Serang | F22: Kawasan Perdesaan Agromina Wisata | G22: 22.36 | H22: 13.51 | I22: 9.92 | J22: 0 | K22: 45.79 | L22: Konsolidasi | M22: Data Valid, tidak ada missing/invalid value.
... A31: 30 | B31: 96 | C31: Papua Barat Daya | D31: 9603 | E31: Raja Ampat | F31: Kawasan Perdesaan Misool | G31: 2.04 | H31: 8.86 | I31: 3.8 | J31: 0 | K31: 14.7 | L31: Inisiasi | M31: Teridentifikasi sebagai OUTLIER (metode IQR) pada dimensi Manajemen (2.04) & Sarana (8.86) - jauh di bawah kawasan lain. Sudah diverifikasi valid & konsisten (Total = jumlah dimensi), bukan kesalahan input. Keputusan: TETAP DIPERTAHANKAN (tidak di-drop) karena mencerminkan kondisi riil kawasan tahap Inisiasi, lihat Ringkasan Assessing Data.

Sheet Statistik_Deskriptif
B1: Mean (Central Tendency) | C1: Median (Central Tendency) | D1: Mode (Central Tendency) | E1: Std Dev (Dispersion) | F1: Variance (Dispersion) | G1: Min (Dispersion) | H1: Max (Dispersion) | I1: Range (Dispersion) | J1: Skewness (Asymmetric) | K1: Kurtosis (Asymmetric) | L1: Batas Bawah Outlier (Q1-1.5*IQR) | M1: Batas Atas Outlier (Q3+1.5*IQR) | N1: Jumlah Outlier (Metode IQR)
A2: Dimensi Manajemen dan Tata Kelola | B2: =AVERAGE(Data_Cleaning_Assessment!G2:G31) -> 20.334 | C2: =MEDIAN(Data_Cleaning_Assessment!G2:G31) -> 21.71 | D2: =IFERROR(MODE(Data_Cleaning_Assessment!G2:G31),"Tidak ada modus (semua nilai unik)") -> Tidak ada modus (semua nilai unik) | E2: =STDEV(Data_Cleaning_Assessment!G2:G31) -> 6.9654995 | F2: =VAR(Data_Cleaning_Assessment!G2:G31) -> 48.518183 | G2: =MIN(Data_Cleaning_Assessment!G2:G31) -> 2.04 | H2: =MAX(Data_Cleaning_Assessment!G2:G31) -> 31.32 | I2: =H2-G2 -> 29.28 | J2: =SKEW(Data_Cleaning_Assessment!G2:G31) -> -0.92290913 | K2: =KURT(Data_Cleaning_Assessment!G2:G31) -> 0.77943601 | L2: =QUARTILE(Data_Cleaning_Assessment!G2:G31,1)-1.5*(QUARTILE(Data_Cleaning_Assessment!G2:G31,3)-QUARTILE(Data_Cleaning_Assessment!G2:G31,1)) -> 2.06 | M2: =QUARTILE(Data_Cleaning_Assessment!G2:G31,3)+1.5*(QUARTILE(Data_Cleaning_Assessment!G2:G31,3)-QUARTILE(Data_Cleaning_Assessment!G2:G31,1)) -> 40.14 | N2: =SUMPRODUCT((Data_Cleaning_Assessment!G2:G31<L2)+(Data_Cleaning_Assessment!G2:G31>M2)) -> 1
A3: Dimensi Sarana dan Prasaran | B3: =AVERAGE(Data_Cleaning_Assessment!H2:H31) -> 16.273667 | C3: =MEDIAN(Data_Cleaning_Assessment!H2:H31) -> 16.655 | D3: =IFERROR(MODE(Data_Cleaning_Assessment!H2:H31),"Tidak ada modus (semua nilai unik)") -> 18.4 | E3: =STDEV(Data_Cleaning_Assessment!H2:H31) -> 2.3519419 | F3: =VAR(Data_Cleaning_Assessment!H2:H31) -> 5.5316309 | G3: =MIN(Data_Cleaning_Assessment!H2:H31) -> 8.86 | H3: =MAX(Data_Cleaning_Assessment!H2:H31) -> 19.2 | I3: =H3-G3 -> 10.34 | J3: =SKEW(Data_Cleaning_Assessment!H2:H31) -> -1.3980107 | K3: =KURT(Data_Cleaning_Assessment!H2:H31) -> 2.1465101 | L3: =QUARTILE(Data_Cleaning_Assessment!H2:H31,1)-1.5*(QUARTILE(Data_Cleaning_Assessment!H2:H31,3)-QUARTILE(Data_Cleaning_Assessment!H2:H31,1)) -> 11.6625 | M3: =QUARTILE(Data_Cleaning_Assessment!H2:H31,3)+1.5*(QUARTILE(Data_Cleaning_Assessment!H2:H31,3)-QUARTILE(Data_Cleaning_Assessment!H2:H31,1)) -> 21.8025 | N3: =SUMPRODUCT((Data_Cleaning_Assessment!H2:H31<L3)+(Data_Cleaning_Assessment!H2:H31>M3)) -> 1
A4: Dimensi Interaksi Kawasan | B4: =AVERAGE(Data_Cleaning_Assessment!I2:I31) -> 12.083333 | C4: =MEDIAN(Data_Cleaning_Assessment!I2:I31) -> 13.165 | D4: =IFERROR(MODE(Data_Cleaning_Assessment!I2:I31),"Tidak ada modus (semua nilai unik)") -> 14.98 | E4: =STDEV(Data_Cleaning_Assessment!I2:I31) -> 3.5463836 | F4: =VAR(Data_Cleaning_Assessment!I2:I31) -> 12.576837 | G4: =MIN(Data_Cleaning_Assessment!I2:I31) -> 3.8 | H4: =MAX(Data_Cleaning_Assessment!I2:I31) -> 17.85 | I4: =H4-G4 -> 14.05 | J4: =SKEW(Data_Cleaning_Assessment!I2:I31) -> -0.59884393 | K4: =KURT(Data_Cleaning_Assessment!I2:I31) -> -0.42059564 | L4: =QUARTILE(Data_Cleaning_Assessment!I2:I31,1)-1.5*(QUARTILE(Data_Cleaning_Assessment!I2:I31,3)-QUARTILE(Data_Cleaning_Assessment!I2:I31,1)) -> 1.89875 | M4: =QUARTILE(Data_Cleaning_Assessment!I2:I31,3)+1.5*(QUARTILE(Data_Cleaning_Assessment!I2:I31,3)-QUARTILE(Data_Cleaning_Assessment!I2:I31,1)) -> 22.60875 | N4: =SUMPRODUCT((Data_Cleaning_Assessment!I2:I31<L4)+(Data_Cleaning_Assessment!I2:I31>M4)) -> 0
A5: Dimensi Aktivitas Ekonomi | B5: =AVERAGE(Data_Cleaning_Assessment!J2:J31) -> 5.3573333 | C5: =MEDIAN(Data_Cleaning_Assessment!J2:J31) -> 3.53 | D5: =IFERROR(MODE(Data_Cleaning_Assessment!J2:J31),"Tidak ada modus (semua nilai unik)") -> 0 | E5: =STDEV(Data_Cleaning_Assessment!J2:J31) -> 5.5080373 | F5: =VAR(Data_Cleaning_Assessment!J2:J31) -> 30.338475 | G5: =MIN(Data_Cleaning_Assessment!J2:J31) -> 0 | H5: =MAX(Data_Cleaning_Assessment!J2:J31) -> 16.78 | I5: =H5-G5 -> 16.78 | J5: =SKEW(Data_Cleaning_Assessment!J2:J31) -> 0.80674168 | K5: =KURT(Data_Cleaning_Assessment!J2:J31) -> -0.47775066 | L5: =QUARTILE(Data_Cleaning_Assessment!J2:J31,1)-1.5*(QUARTILE(Data_Cleaning_Assessment!J2:J31,3)-QUARTILE(Data_Cleaning_Assessment!J2:J31,1)) -> -12.21 | M5: =QUARTILE(Data_Cleaning_Assessment!J2:J31,3)+1.5*(QUARTILE(Data_Cleaning_Assessment!J2:J31,3)-QUARTILE(Data_Cleaning_Assessment!J2:J31,1)) -> 20.83 | N5: =SUMPRODUCT((Data_Cleaning_Assessment!J2:J31<L5)+(Data_Cleaning_Assessment!J2:J31>M5)) -> 0
A6: Total Nilai | B6: =AVERAGE(Data_Cleaning_Assessment!K2:K31) -> 54.049 | C6: =MEDIAN(Data_Cleaning_Assessment!K2:K31) -> 53.76 | D6: =IFERROR(MODE(Data_Cleaning_Assessment!K2:K31),"Tidak ada modus (semua nilai unik)") -> Tidak ada modus (semua nilai unik) | E6: =STDEV(Data_Cleaning_Assessment!K2:K31) -> 15.588435 | F6: =VAR(Data_Cleaning_Assessment!K2:K31) -> 242.99931 | G6: =MIN(Data_Cleaning_Assessment!K2:K31) -> 14.7 | H6: =MAX(Data_Cleaning_Assessment!K2:K31) -> 75.84 | I6: =H6-G6 -> 61.14 | J6: =SKEW(Data_Cleaning_Assessment!K2:K31) -> -0.40038662 | K6: =KURT(Data_Cleaning_Assessment!K2:K31) -> -0.18080969 | L6: =QUARTILE(Data_Cleaning_Assessment!K2:K31,1)-1.5*(QUARTILE(Data_Cleaning_Assessment!K2:K31,3)-QUARTILE(Data_Cleaning_Assessment!K2:K31,1)) -> 14.01875 | M6: =QUARTILE(Data_Cleaning_Assessment!K2:K31,3)+1.5*(QUARTILE(Data_Cleaning_Assessment!K2:K31,3)-QUARTILE(Data_Cleaning_Assessment!K2:K31,1)) -> 95.74875 | N6: =SUMPRODUCT((Data_Cleaning_Assessment!K2:K31<L6)+(Data_Cleaning_Assessment!K2:K31>M6)) -> 0

Sheet Data_Relationship
B1: Dimensi Manajemen dan Tata Kelola | C1: Dimensi Sarana dan Prasaran | D1: Dimensi Interaksi Kawasan | E1: Dimensi Aktivitas Ekonomi | F1: Total Nilai
A2: Dimensi Manajemen dan Tata Kelola | B2: 1 | C2: =CORREL(Data_Cleaning_Assessment!G2:G31,Data_Cleaning_Assessment!H2:H31) -> 0.6069444 | D2: =CORREL(Data_Cleaning_Assessment!G2:G31,Data_Cleaning_Assessment!I2:I31) -> 0.59926853 | E2: =CORREL(Data_Cleaning_Assessment!G2:G31,Data_Cleaning_Assessment!J2:J31) -> 0.6513058 | F2: =CORREL(Data_Cleaning_Assessment!G2:G31,Data_Cleaning_Assessment!K2:K31) -> 0.90487763
A3: Dimensi Sarana dan Prasaran | B3: =CORREL(Data_Cleaning_Assessment!H2:H31,Data_Cleaning_Assessment!G2:G31) -> 0.6069444 | C3: 1 | D3: =CORREL(Data_Cleaning_Assessment!H2:H31,Data_Cleaning_Assessment!I2:I31) -> 0.71303921 | E3: =CORREL(Data_Cleaning_Assessment!H2:H31,Data_Cleaning_Assessment!J2:J31) -> 0.59517181 | F3: =CORREL(Data_Cleaning_Assessment!H2:H31,Data_Cleaning_Assessment!K2:K31) -> 0.79458172
A4: Dimensi Interaksi Kawasan | B4: =CORREL(Data_Cleaning_Assessment!I2:I31,Data_Cleaning_Assessment!G2:G31) -> 0.59926853 | C4: =CORREL(Data_Cleaning_Assessment!I2:I31,Data_Cleaning_Assessment!H2:H31) -> 0.71303921 | D4: 1 | E4: =CORREL(Data_Cleaning_Assessment!I2:I31,Data_Cleaning_Assessment!J2:J31) -> 0.49274791 | F4: =CORREL(Data_Cleaning_Assessment!I2:I31,Data_Cleaning_Assessment!K2:K31) -> 0.77693721
A5: Dimensi Aktivitas Ekonomi | B5: =CORREL(Data_Cleaning_Assessment!J2:J31,Data_Cleaning_Assessment!G2:G31) -> 0.6513058 | C5: =CORREL(Data_Cleaning_Assessment!J2:J31,Data_Cleaning_Assessment!H2:H31) -> 0.59517181 | D5: =CORREL(Data_Cleaning_Assessment!J2:J31,Data_Cleaning_Assessment!I2:I31) -> 0.49274791 | E5: 1 | F5: =CORREL(Data_Cleaning_Assessment!J2:J31,Data_Cleaning_Assessment!K2:K31) -> 0.84629157
A6: Total Nilai | B6: =CORREL(Data_Cleaning_Assessment!K2:K31,Data_Cleaning_Assessment!G2:G31) -> 0.90487763 | C6: =CORREL(Data_Cleaning_Assessment!K2:K31,Data_Cleaning_Assessment!H2:H31) -> 0.79458172 | D6: =CORREL(Data_Cleaning_Assessment!K2:K31,Data_Cleaning_Assessment!I2:I31) -> 0.77693721 | E6: =CORREL(Data_Cleaning_Assessment!K2:K31,Data_Cleaning_Assessment!J2:J31) -> 0.84629157 | F6: 1
